{
  "objPath": "..\\data.obj",
  "position": [0.0, 0.0, 0.0],
  "rotation": [0.0, 0.0, 0.0],
  "scale": [1.0, 1.0, 1.0],
  "cameraPosition": [179.488, -34.9686, 96.8242],
  "cameraRight": [-0.532817, 0.0, 0.846231],
  "cameraUp": [-0.143248, -0.985568, -0.0901943],
  "cameraForward": [-0.834018, 0.169278, -0.525127],
  "cameraFovDegrees": 26.9915
}
